{"cameraMode":{"drawMode":0,"name":"Shaded","section":"Shading Mode"},"sceneLighting":false,"audioPlay":false,"sceneViewState":{"showFog":true,"showMaterialUpdate":false,"showSkybox":true,"showFlares":true,"showImageEffects":true,"showParticleSystems":true},"in2DMode":false,"pivot":{"x":-6.168323516845703,"y":24.923091888427736,"z":21.961143493652345},"rotation":{"x":0.007216448895633221,"y":0.992782473564148,"z":-0.08540027588605881,"w":0.08389126509428024},"size":93.5941162109375,"orthographic":false}